cod_bacia,nome_rio_aquifero,cod_rio_poco,dist_foz_km,usuario,autos_daee,uso,seq,finalidade_uso,situacao_administrativa,vazao_m3h,hora_dia,dia_mes,mes_ano,utm_norte_km,utm_leste_km,utm_mc,utm_norte_m,utm_leste_m,erro_data,erro_coordenada
4,                                                        ,                  ,0.0,INDUSTRIAL,9301210,LANCAMENTO SUPERFICIAL   ,9,HIDROAG,REQ INDEFERIDO    ,0.0,0,0,0,7541.7,284.0,45,7541700,284000,,
2,"CORRENTEZA,RIB DA                                       ",0102001130204     ,6.0,PUBLICO   ,9801438,CAPTACAO SUPERFICIAL     ,3,AB.PUBL,PORTARIA          ,118.8,24,30,0,7463.75,379.95,45,7463750,379950,,
5,"JAU,R/BUGIO,RIB DO                                      ",0102075           ,39.3,US.RURAL  ,9706932,CAPTACAO SUPERFICIAL     ,2,SANITAR,CADASTRADO DAEE   ,2.0,1,30,0,7528.1,757.82,51,7528100,757820,,
6,"JACUTINGA OU DOS ANDRADAS,RIB DA                        ",010802501         ,1.6,INDUSTRIAL,9402631,LANCAMENTO SUPERFICIAL   ,1,SAN/IND,PORTARIA          ,10.57,24,22,0,7609.55,485.48,51,7609550,485480,,
3,FORMACAO CACAPAVA                                       ,2840082           ,0.0,US.RURAL  ,9606799,CAPTACAO SUBTERRANEA     ,1,SAN/RJD,PORTARIA          ,40.96,8,30,0,7482.85,462.99,45,7482850,462990,,
7,"SNA1 SALTO OU DA PRIMEIRA ILHA,RIB DO                   ",0352005           ,0.75,US.RURAL  ,9502047,LANCAMENTO SUPERFICIAL   ,1,SANITAR,CADASTRADO DAEE   ,0.4,1,30,0,7295.01,798.86,51,7295010,798860,,
8,"SNA1 CARIRU,COR DO                                      ",012007602         ,0.15,PUBLICO   ,9201510,TRAVESSIA INTERMEDIARIA  ,7,PASSAGE,IMPL AUTORIZADA   ,0.0,0,0,0,7717.23,623.76,51,7717230,623760,,
1,CRISTALINO                                              ,                  ,0.0,PUBLICO   ,9905981,CAPTACAO SUBTERRANEA     ,3,AB.PUBL,LIC PERFURACAO    ,10.0,20,0,0,7416.5,313.64,45,7416500,313640,,
4,                                                        ,                  ,0.0,US.RURAL  ,9821068,BARRAMENTO               ,2,HIDROAG,REQ INDEFERIDO    ,0.0,0,0,0,7487.63,337.06,45,7487630,337060,,
1,CRISTALINO                                              ,3410299           ,0.0,US.URBANO ,9910917,CAPTACAO SUBTERRANEA     ,1,DESSED ,CADASTRADO DAEE   ,8.0,1,30,0,7384.64,291.21,45,7384640,291210,,
4,CRISTALINO                                              ,2510365           ,0.0,IRRIGANTE ,9822378,CAPTACAO SUBTERRANEA     ,3,IRRIGAC,CADASTRADO DAEE   ,13.5,1,30,0,7487.12,334.82,45,7487120,334820,,
2,"CORUMBATAI,R                                            ",010200108         ,44.4,MINERADOR ,9810366,CAPTACAO SUPERFICIAL     ,2,MINER  ,PORTARIA          ,17.5,8,25,0,7508.76,230.31,45,7508760,230310,,
8,FORMACAO ADAMANTINA                                     ,0550162           ,0.0,IRRIGANTE ,9204446,CAPTACAO SUBTERRANEA     ,3,SANITAR,PORTARIA          ,11.0,20,30,0,7723.8,680.55,51,7723800,680550,,
1,"SNA1 TIETE,R                                            ",0102298           ,1.0,PUBLICO   ,9902303,CANALIZACAO              ,4,DRENAGE,PORTARIA          ,0.0,0,0,0,7399.73,312.97,45,7399730,312970,,
2,FREATICO                                                ,3030848           ,0.0,IRRIGANTE ,9821473,CAPTACAO SUBTERRANEA     ,1,SANITAR,CADASTRADO DAEE   ,1.0,1,30,0,7445.67,329.26,45,7445670,329260,,
2,"SNA1 MORRO ANTONIO ALVES,COR DO                         ",01020011308055    ,0.29,IRRIGANTE ,9821057,CAPTACAO SUPERFICIAL     ,2,IRRIGAC,PORTARIA          ,42.0,3,4,0,7443.01,330.07,45,7443010,330070,,
1,"FAZENDA VELHA,COR                                       ",010204702         ,3.1,LOTEADOR  ,9907278,TRAVESSIA AEREA          ,1,PASSAGE,PORTARIA          ,0.0,0,0,0,7391.81,312.85,45,7391810,312850,,
1,CRISTALINO                                              ,3630029           ,0.0,PUBLICO   ,9901093,CAPTACAO SUBTERRANEA     ,1,SANITAR,REQ INDEFERIDO    ,0.0,0,0,0,7349.27,349.9,45,7349270,349900,,
1,CRISTALINO                                              ,3620045           ,0.0,CONCESSION,9904173,CAPTACAO SUBTERRANEA     ,2,       ,TAMPONADO         ,0.0,0,0,0,7366.56,326.69,45,7366560,326690,,
3,"SNA1 PAQUERA,COR DA                                     ",2103              ,0.25,PUBLICO   ,9600843,TRAVESSIA AEREA          ,1,PASDUTO,PORTARIA          ,0.0,0,0,0,7365.55,462.16,45,7365550,462160,,
2,FREATICO                                                ,3020639           ,0.0,US.RURAL  ,9818721,CAPTACAO SUBTERRANEA     ,1,SANITAR,CADASTRADO DAEE   ,3.0,1,30,0,7440.97,319.07,45,7440970,319070,,
3,"SNA2 PANTANHAO,RIB DO                                   ",020E00201         ,0.2,US.RURAL  ,9603358,LANCAMENTO SUPERFICIAL   ,1,DRENAGE,PORTARIA          ,0.18,24,30,0,7421.94,427.92,45,7421940,427920,,
2,GRUPO TUBARAO                                           ,2480030           ,0.0,INDUSTRIAL,30710,CAPTACAO SUBTERRANEA     ,3,       ,PORTARIA          ,7.0,20,0,0,7503.55,253.32,45,7503550,253320,,
6,FORMACAO ADAMANTINA                                     ,1810029           ,0.0,IRRIGANTE ,9404178,CAPTACAO SUBTERRANEA     ,4,SANITAR,CADASTRADO DAEE   ,1.0,1,30,0,7560.53,561.23,51,7560530,561230,,
1,FREATICO                                                ,3432287           ,0.0,SOLALT I  ,9902769,CAPTACAO SUBTERRANEA     ,56,PI.RAMB,CADASTRADO DAEE   ,0.0,0,0,0,7381.18,326.65,45,7381180,326650,,
6,FORMACAO ADAMANTINA                                     ,1560169           ,0.0,SOLALT I  ,9407444,CAPTACAO SUBTERRANEA     ,1,SANITAR,PORTARIA          ,4.0,3,30,0,7575.93,527.38,51,7575930,527380,,
2,"SNA1 VARGEDO,COR DO                                     ",0305005040301     ,2.8,US.RURAL  ,9816212,BARRAMENTO               ,1,ELEVNIV,PORTARIA          ,0.0,0,0,0,7362.85,261.87,45,7362850,261870,,
5,                                                        ,                  ,0.0,CONSTRUTOR,9707618,EXTRACAO DE AGUA SUBTERRA,1,MINER  ,PORTARIA          ,30.0,12,30,0,7669.94,614.66,51,7669940,614660,,
1,"SNA1 BAGRES,R DOS                                       ",150200201         ,0.3,CONCESSION,9900123,TRAVESSIA SUBTERRANEA    ,2,PASDUTO,CADASTRADO DAEE   ,0.0,0,0,0,7351.46,358.85,45,7351460,358850,,
2,GRUPO TUBARAO                                           ,2760627           ,0.0,INDUSTRIAL,9822018,CAPTACAO SUBTERRANEA     ,1,INDUSTR,PORTARIA          ,70.0,14,0,0,7480.11,255.32,45,7480110,255320,,
6,FORMACAO CAIUA                                          ,2280017           ,0.0,PUBLICO   ,9400691,CAPTACAO SUBTERRANEA     ,19,SANITAR,PORTARIA          ,3.9,12,20,0,7506.56,347.49,51,7506560,347490,,
1,CRISTALINO                                              ,3420900           ,0.0,CONSTRUTOR,9906796,CAPTACAO SUBTERRANEA     ,1,SA1ABPR,PORTARIA          ,4.8,2,30,0,7397.13,302.61,45,7397130,302610,,
5,FORMACAO SERRA GERAL                                    ,                  ,0.0,US.URBANO ,9705735,CAPTACAO SUBTERRANEA     ,1,SANITAR,REQ INDEFERIDO    ,2.0,10,30,0,7530.99,698.82,51,7530990,698820,,
2,"SNA1 PINHALZINHO,RIB                                    ",01020011309101    ,1.9,US.RURAL  ,9816768,CAPTACAO SUPERFICIAL     ,1,HIDROAG,PORTARIA          ,25.0,24,30,0,7449.79,313.65,45,7449790,313650,,
6,GRUPO BAURU                                             ,2650050           ,0.0,CONCESSION,9405004,CAPTACAO SUBTERRANEA     ,4,SANITAR,CADASTRADO DAEE   ,4.0,1,30,0,7481.33,588.54,51,7481330,588540,,
2,"SNA1 BATISTADA,RIB DA""CORTUME,COR DO""                   ",0102001170401     ,1.8,LOTEADOR  ,9823800,TRAVESSIA AEREA          ,1,PASSAGE,PORTARIA          ,0.0,0,0,0,7480.15,234.95,45,7480150,234950,,
2,GRUPO TUBARAO                                           ,2770111           ,0.0,SOLALT I  ,9800681,CAPTACAO SUBTERRANEA     ,1,SA1ABPR,PORTARIA          ,0.46,18,30,0,7466.09,271.25,45,7466090,271250,,
1,"EMBU-MIRIM,R                                            ",01020430702       ,12.95,PUBLICO   ,9903209,TRAVESSIA SUBTERRANEA    ,7,PASDUTO,CADASTRADO DAEE   ,0.0,0,0,0,7379.15,314.38,45,7379150,314380,,
4,"SNA1 ONCA,RIB DA                                        ",0101007402806     ,0.5,IRRIGANTE ,9308017,CAPTACAO SUPERFICIAL     ,2,IRR/PIS,PORTARIA          ,44.5,21,30,0,7648.03,806.12,51,7648030,806120,,
4,"VERDINHO,RIO                                            ",01010072506       ,7.0,IRRIGANTE ,9300538,CAPTACAO SUPERFICIAL     ,2,IRRIGAC,PORTARIA          ,140.0,24,0,0,7587.95,293.6,45,7587950,293600,,
6,"PINHEIRO DOS NUNES,R DO                                 ",0103034010101     ,10.0,IRRIGANTE ,9408409,CAPTACAO SUPERFICIAL     ,1,IRRIGAC,CADASTRADO DAEE   ,2.0,1,30,0,7320.06,756.16,51,7320060,756160,,
5,FORMACAO ADAMANTINA                                     ,                  ,0.0,US.URBANO ,9704599,CAPTACAO SUBTERRANEA     ,1,SANITAR,LIC PERFURACAO    ,0.0,0,0,0,7592.45,791.16,51,7592450,791160,,
2,"JAGUARI,R                                               ",010200112         ,59.5,INDUSTRIAL,9810326,CAPTACAO SUPERFICIAL     ,1,SAN/IND,PORTARIA          ,60.0,24,30,0,7488.15,293.12,45,7488150,293120,,
6,"VENDA,COR DA                                            ",01080170501       ,3.65,AQUICULTOR,9400597,LANCAMENTO SUPERFICIAL   ,1,HIDROAG,DESATIVADO        ,0.0,0,0,0,7559.1,604.75,51,7559100,604750,,
2,"SNA1 TIETE,R(JAGUARY,R)                                 ",0102232           ,0.3,CONCESSION,9907142,TRAVESSIA SUBTERRANEA    ,13,PASDUTO,CADASTRADO DAEE   ,0.0,0,0,0,7407.34,305.54,45,7407340,305540,,
1,"SNA1 GUARAREMA,RIB                                      ",0216004           ,3.0,INDUSTRIAL,9901872,TRAVESSIA SUBTERRANEA    ,54,PASDUTO,PORTARIA          ,0.0,0,0,0,7400.61,390.55,45,7400610,390550,,
5,"SNA1 TIETE,R                                            ",0102453           ,2.5,US.RURAL  ,9707900,CAPTACAO SUPERFICIAL     ,1,IRR/DES,CADASTRADO DAEE   ,4.9,1,30,0,7710.05,458.8,51,7710050,458800,,
6,"PINGUELA,COR DA                                         ",010301103         ,5.65,AQUICULTOR,9410498,CAPTACAO SUPERFICIAL     ,1,HIDROAG,PORTARIA          ,23.0,24,30,0,7488.2,552.2,51,7488200,552200,,
1,"SNA1 TIETE,R/""BUSSOCABA,COR""                            ",0102044           ,1.9,INDUSTRIAL,34538,LANCAMENTO SUPERFICIAL   ,1,SAN/IND,                  ,14.0,13,0,0,7395.71,319.05,45,7395710,319050,,
2,"SNA1 BOA VISTA,COR                                      ",01020011302012    ,0.45,US.RURAL  ,9822851,BARRAMENTO               ,1,ELEVNIV,IMPL AUTORIZADA   ,0.0,0,0,0,7450.55,359.79,45,7450550,359790,,
5,FORMACAO BOTUCATU                                       ,1910170           ,0.0,CONCESSION,9707998,CAPTACAO SUBTERRANEA     ,1,SAN/IND,PORTARIA          ,4.0,1,30,0,7561.63,197.83,45,7561630,197830,,
5,GRUPO BAURU                                             ,0910006           ,0.0,SOLALT I  ,9703146,CAPTACAO SUBTERRANEA     ,1,INDUSTR,CADASTRADO DAEE   ,12.0,8,30,0,7670.62,586.61,51,7670620,586610,,
4,"TURVO,RIB DO                                            ",010100705         ,20.4,IRRIGANTE ,9303243,BARRAMENTO               ,1,REGVAZ ,PORTARIA          ,0.0,0,0,0,7714.56,761.1,51,7714560,761100,,
6,FREATICO                                                ,1770233           ,0.0,SOLALT I  ,9404713,CAPTACAO SUBTERRANEA     ,1,       ,TAMPONADO         ,0.0,0,0,0,7552.77,459.69,51,7552770,459690,,
2,"SNA1 CACHOEIRINHA,RIB                                   ",0102001090103     ,1.55,INDUSTRIAL,9808716,CAPTACAO SUPERFICIAL     ,11,SANITAR,CADASTRADO DAEE   ,25.0,1,30,0,7505.8,242.35,45,7505800,242350,,
7,"SNA3 ONCAS,COR DAS                                      ",0305010040101     ,0.5,AQUICULTOR,9500579,BARRAMENTO               ,1,HIDROAG,PORTARIA          ,0.0,0,0,0,7300.13,225.86,45,7300130,225860,,
8,FORMACAO ADAMANTINA                                     ,                  ,0.0,US.RURAL  ,9203065,CAPTACAO SUBTERRANEA     ,1,SANITAR,LIC PERFURACAO    ,4.0,1,0,0,7758.86,514.48,51,7758860,514480,,
2,"SNA2 CAMANDUCAIA,R                                      ",01020011202611    ,0.15,CONCESSION,9805034,TRAVESSIA                ,26,PASSAGE,PORTARIA          ,0.0,0,0,0,7490.15,320.47,45,7490150,320470,,
2,                                                        ,01010011305       ,23.5,LOTEADOR  ,9800477,TRAVESSIA AEREA          ,11,PASDUTO,CADASTRADO DAEE   ,0.0,0,0,0,7466.68,292.67,45,7466680,292670,,
2,"ATIBAIA,R                                               ",010200113         ,17.5,PUBLICO   ,9807448,CAPTACAO SUPERFICIAL     ,4,       ,                  ,1800.0,24,0,0,7481.45,277.15,45,7481450,277150,,
1,"SNA1 TAMANDUATEI,R                                      ",010204240         ,1.2,PUBLICO   ,9905951,TRAVESSIA SUBTERRANEA    ,49,PASDUTO,IMPL AUTORIZADA   ,0.0,0,0,0,7383.65,353.02,45,7383650,353020,,
6,"VARETA,COR DA                                           ",01030160410       ,3.0,IRRIGANTE ,9410484,CAPTACAO SUPERFICIAL     ,1,IRRIGAC,PORTARIA          ,95.0,12,0,0,7459.63,691.25,51,7459630,691250,,
8,FORMACAO ADAMANTINA                                     ,                  ,0.0,SOLALT I  ,9203939,CAPTACAO SUBTERRANEA     ,1,SANITAR,IMPL AUTORIZADA   ,12.0,1,0,0,7697.12,660.45,51,7697120,660450,,
1,CRISTALINO                                              ,                  ,0.0,OUTROS    ,9900352,CAPTACAO SUBTERRANEA     ,1,SANITAR,LIC PERFURACAO    ,0.0,0,0,0,7400.56,313.77,45,7400560,313770,,
1,"SNA1 PIRAJUCARA,RIB                                     ",01020430819       ,0.18,PUBLICO   ,9903095,CANALIZACAO              ,2,DRENAGE,PORTARIA          ,0.0,0,0,0,7385.5,319.14,45,7385500,319140,,
5,FORMACAO BOTUCATU                                       ,1910031           ,0.0,US.COMUNIT,9700777,CAPTACAO SUBTERRANEA     ,1,SANITAR,PORTARIA          ,12.0,20,0,0,7562.81,204.6,45,7562810,204600,,
2,FREATICO                                                ,2790322           ,0.0,US.RURAL  ,9812535,CAPTACAO SUBTERRANEA     ,1,SANITAR,CADASTRADO DAEE   ,3.8,1,30,0,7476.94,325.34,45,7476940,325340,,
2,"MUMBUCA,COR/FAZENDA ESTRELA,COR DA                      ",010201010         ,11.4,PUBLICO   ,9803237,LANCAMENTO SUPERFICIAL   ,5,EF.PUBL,REQ INDEFERIDO    ,33.84,0,0,0,7460.73,238.1,45,7460730,238100,,
1,                                                        ,                  ,0.0,SOLALT II ,9904528,CAPTACAO SUBTERRANEA     ,2,SA2TRAG,REQ INDEFERIDO    ,18.0,20,26,0,7410.23,306.78,45,7410230,306780,,
8,FORMACAO ADAMANTINA                                     ,0340031           ,0.0,SOLALT I  ,9203268,CAPTACAO SUBTERRANEA     ,1,       ,CADASTRADO DAEE   ,0.0,0,0,0,7741.06,607.28,51,7741060,607280,,
4,                                                        ,                  ,0.0,IRRIGANTE ,9307177,CAPTACAO EM NASCENTE     ,2,SANITAR,REQ INDEFERIDO    ,0.0,0,0,0,7677.44,256.0,45,7677440,256000,,
1,CRISTALINO                                              ,                  ,0.0,INDUSTRIAL,9905074,CAPTACAO SUBTERRANEA     ,1,SANITAR,IMPL AUTORIZADA   ,8.0,20,0,0,7398.02,310.59,45,7398020,310590,,
4,"SNA1 PRATA,RIB DA                                       ",01020011202085    ,0.5,LOTEADOR  ,9302548,CANALIZACAO              ,2,DRENAGE,PORTARIA          ,0.0,0,0,0,7497.83,324.1,45,7497830,324100,,
5,"SNA2 PEDRAS,RIB DAS                                     ",0102058030301     ,0.25,AQUICULTOR,9700645,CAPTACAO SUPERFICIAL     ,1,HIDROAG,PORTARIA          ,9.5,24,0,0,7681.5,579.71,51,7681500,579710,,
4,FREATICO                                                ,1010050           ,0.0,US.RURAL  ,9302863,CAPTACAO SUBTERRANEA     ,1,SANITAR,CADASTRADO DAEE   ,0.2,1,30,0,7650.0,224.95,45,7650000,224950,,
2,"SNA1 PINHEIRINHO,RIB                                    ",0102001133401     ,0.15,LOTEADOR  ,9801900,CANALIZACAO              ,1,DRENAGE,PORTARIA          ,0.0,0,0,0,7453.33,314.3,45,7453330,314300,,
4,"FIGUEIRA,COR DA                                         ",010100740240123   ,3.7,IRRIGANTE ,9301185,BARRAMENTO               ,1,REGVAZ ,REQ INDEFERIDO    ,0.0,0,0,0,7591.6,279.83,45,7591600,279830,,
6,"SNA1 LIMOEIRO OU DA BOMBA,COR DO                        ",011500405         ,1.9,CONCESSION,9406069,TRAVESSIA INTERMEDIARIA  ,3,PASSAGE,PORTARIA          ,0.0,0,0,0,7555.92,451.72,51,7555920,451720,,
2,"SNA1 AMARAL,R DOS/RESSACA,RIB DA/PONTE RITA,RIB         ",0102001133314     ,3.5,PECUARISTA,9809657,DESASSOREAMENTO          ,2,DS/LIMP,SERV AUTORIZADO   ,0.0,0,0,0,7446.6,348.15,45,7446600,348150,,
2,"SNA2 SOROCABA,R                                         ",01020183401       ,1.3,US.COMUNIT,9801374,DESASSOREAMENTO          ,1,DS/LIMP,SERV AUTORIZADO   ,0.0,0,0,0,7410.47,242.46,45,7410470,242460,,
2,CRISTALINO                                              ,3200250           ,0.0,OUTROS    ,9805289,CAPTACAO SUBTERRANEA     ,1,SANITAR,PORTARIA          ,2.0,2,30,0,7421.41,266.5,45,7421410,266500,,
2,"CASCALHO,COR DO                                         ",01020011101       ,0.0,IRRIGANTE ,9801623,BARRAMENTO               ,1,       ,CADASTRADO DAEE   ,0.0,0,0,0,7515.14,251.2,45,7515140,251200,,
5,FORMACAO BAURU                                          ,                  ,0.0,INDUSTRIAL,9707010,CAPTACAO SUBTERRANEA     ,1,SA1/IND,LIC.PERF E IMPL.  ,1.9,8,0,0,7392.78,447.27,51,7392780,447270,,
4,"NHACUNDA,COR                                            ",01010073308       ,12.1,PECUARISTA,9307971,CAPTACAO SUPERFICIAL     ,1,DESSED ,PORTARIA          ,8.75,24,30,0,7652.71,263.79,45,7652710,263790,,
2,"LARANJA AZEDA,R,RIB                                     ",01020011330       ,3.4,US.RURAL  ,9807283,BARRAMENTO               ,1,ELEVNIV,PORTARIA          ,0.0,0,0,0,7440.43,346.09,45,7440430,346090,,
8,"SNA2 ONCA,RIB DA                                        ",0101019131004     ,2.5,IRRIGANTE ,9201638,BARRAMENTO               ,3,LAZ/PAI,PORTARIA          ,0.0,0,0,0,7646.75,756.54,51,7646750,756540,,
7,"SNA2 BETARI,R                                           ",030800201         ,0.15,PUBLICO   ,9501048,BARRAMENTO               ,1,ELEVNIV,PORTARIA          ,0.0,0,0,0,7282.79,733.88,51,7282790,733880,,
4,"CASCATA,COR DA                                          ",01010170102       ,7.72,PUBLICO   ,9300495,CANALIZACAO              ,2,DRENAGE,PORTARIA          ,0.0,0,0,0,7758.4,240.49,45,7758400,240490,,
1,"SNA2 PIRAJUCARA,RIB/(COLAMBA,COR)                       ",0102043080501     ,0.71,PUBLICO   ,9903757,TRAVESSIA AEREA          ,8,PASSAGE,IMPL AUTORIZADA   ,0.0,0,0,0,7388.16,323.63,45,7388160,323630,,
8,"SETE DE SETEMBRO,COR                                    ",01200030501       ,4.2,PECUARISTA,9204019,CAPTACAO SUPERFICIAL     ,2,DESSED ,CADASTRADO DAEE   ,1.0,1,0,0,7752.04,552.53,51,7752040,552530,,
2,FREATICO                                                ,                  ,0.0,US.RURAL  ,9820312,CAPTACAO SUBTERRANEA     ,1,SANITAR,REQ INDEFERIDO    ,0.0,0,0,0,7437.58,308.12,45,7437580,308120,,
7,                                                        ,                  ,0.0,US.RURAL  ,9501294,CAPTACAO SUPERFICIAL     ,1,IRRIGAC,REQ INDEFERIDO    ,4.9,0,0,0,7288.4,714.49,51,7288400,714490,,
6,GRUPO BAURU                                             ,1770358           ,0.0,US.URBANO ,9405479,CAPTACAO SUBTERRANEA     ,1,SANITAR,CADASTRADO DAEE   ,0.78,1,30,0,7553.37,456.66,51,7553370,456660,,
5,                                                        ,                  ,0.0,IRRIGANTE ,9700762,BARRAMENTO               ,2,       ,DESATIVADO        ,0.0,0,0,0,7535.22,808.18,51,7535220,808180,,
5,"MACHADO DE MELO,COR/SANTA FE,COR                        ",0102145           ,15.2,LOTEADOR  ,9709680,TRAVESSIA SUBTERRANEA    ,1,PASDUTO,PORTARIA          ,0.0,0,0,0,7658.33,559.59,51,7658330,559590,,
4,FORMACAO SERRA GERAL                                    ,0630159           ,0.0,US.URBANO ,9308819,CAPTACAO SUBTERRANEA     ,1,SA1ABPR,PORTARIA          ,45.0,9,0,0,7724.14,249.17,45,7724140,249170,,
2,"SNA1 JOAQUIM BENTO,COR                                  ",0102001180105     ,1.2,PUBLICO   ,9806761,CAPTACAO EM NASCENTE     ,2,IRR/DES,PORTARIA          ,0.36,24,0,0,7469.87,230.37,45,7469870,230370,,
3,"SAO MIGUEL,COR                                          ",0241009           ,3.4,US.RURAL  ,9607675,TRAVESSIA AEREA          ,8,PASSAGE,CADASTRADO DAEE   ,0.0,0,0,0,7500.42,528.94,45,7500420,528940,,
7,                                                        ,                  ,0.0,IRRIGANTE ,9500404,LANCAMENTO SUPERFICIAL   ,4,IRRIGAC,REQ INDEFERIDO    ,0.0,0,0,0,7289.42,773.9,51,7289420,773900,,
8,"BURITI,COR                                              ",010106705         ,1.4,AQUICULTOR,9202837,CAPTACAO SUPERFICIAL     ,1,HIDROAG,PORTARIA          ,1.0,20,30,0,7780.58,523.13,51,7780580,523130,,
5,FORMACAO ADAMANTINA                                     ,0741310           ,0.0,PUBLICO   ,9700165,CAPTACAO SUBTERRANEA     ,19,AB.PUBL,PORTARIA          ,16.0,20,0,0,7684.64,661.76,51,7684640,661760,,
2,FREATICO                                                ,3020966           ,0.0,US.URBANO ,9818876,CAPTACAO SUBTERRANEA     ,1,SANITAR,CADASTRADO DAEE   ,1.0,1,30,0,7451.75,319.85,45,7451750,319850,,
2,FORMACAO SERRA GERAL                                    ,                  ,0.0,IRRIGANTE ,9400946,CAPTACAO SUBTERRANEA     ,1,IRRIGAC,LIC PERFURACAO    ,0.0,0,0,0,7458.95,743.6,51,7458950,743600,,
5,"SNA1 GOIABAL,RIB                                        ",0102088010301     ,0.3,PECUARISTA,9700789,CAPTACAO SUPERFICIAL     ,1,DESSED ,PORTARIA          ,18.0,12,0,0,7533.7,194.8,45,7533700,194800,,
1,CRISTALINO                                              ,3420323           ,0.0,COMERCIANT,9902653,CAPTACAO SUBTERRANEA     ,2,       ,TAMPONADO         ,0.0,0,0,0,7398.41,303.93,45,7398410,303930,,
8,"SNA1 JAGUARA,COR                                        ",01200010301       ,2.6,IRRIGANTE ,9206426,RESERVACAO (TQ SUB-SUPERF,1,REGVAZ ,CADASTRADO DAEE   ,0.0,0,0,0,7744.29,528.91,51,7744290,528910,,
2,CRISTALINO                                              ,3030410           ,0.0,SOLALT I  ,9806065,CAPTACAO SUBTERRANEA     ,1,SANITAR,CADASTRADO DAEE   ,4.0,1,30,0,7444.87,341.2,45,7444870,341200,,
2,"SNA1 SOROCABA,R                                         ",010201865         ,0.2,SOLALT I  ,9817919,BARRAMENTO               ,2,REGVAZ ,PORTARIA          ,0.0,0,0,0,7413.15,237.35,45,7413150,237350,,
1,CRISTALINO                                              ,3431291           ,0.0,SOLALT I  ,9905220,CAPTACAO SUBTERRANEA     ,1,SA1ABPR,PORTARIA          ,5.0,20,30,0,7387.02,334.06,45,7387020,334060,,
6,"FORTUNINHA,COR DA                                       ",0103008040109     ,0.3,PUBLICO   ,9405579,TRAVESSIA INTERMEDIARIA  ,3,PASSAGE,IMPL AUTORIZADA   ,0.0,0,0,0,7492.82,553.29,51,7492820,553290,,
1,"MOINHO VELHO,COR                                        ",010204202         ,5.1,CONCESSION,9900123,TRAVESSIA SUBTERRANEA    ,31,PASDUTO,CADASTRADO DAEE   ,0.0,0,0,0,7385.64,335.87,45,7385640,335870,,
4,CRISTALINO                                              ,                  ,0.0,US.RURAL  ,9310321,CAPTACAO SUBTERRANEA     ,1,SANITAR,LIC PERFURACAO    ,1.5,2,0,0,7517.42,316.45,45,7517420,316450,,
4,FREATICO                                                ,0990030           ,0.0,US.RURAL  ,9302792,CAPTACAO SUBTERRANEA     ,1,SANITAR,CADASTRADO DAEE   ,3.0,1,30,0,7657.59,810.46,45,7657590,810460,,
7,"IVAPORUNDUVA,RIB/SAO PEDRO,COR                          ",0360              ,0.15,PUBLICO   ,9500235,TRAVESSIA AEREA          ,11,PASSAGE,PORTARIA          ,0.0,0,0,0,7280.73,764.19,51,7280730,764190,,
1,"TIETE,R                                                 ",0102              ,1031.0,INDUSTRIAL,9900345,CAPTACAO SUPERFICIAL     ,1,INDUSTR,PORTARIA          ,40.0,8,20,0,7399.68,377.98,45,7399680,377980,,
6,"MACUCO,RIB DO                                           ",0103022           ,17.2,INDUSTRIAL,9405712,CAPTACAO SUPERFICIAL     ,2,SAN/IND,PORTARIA          ,50.0,12,30,4,7445.61,687.53,51,7445610,687530,,
1,"SNA2 GUARAREMA,RIB                                      ",021600403         ,0.17,INDUSTRIAL,9901872,TRAVESSIA SUBTERRANEA    ,42,PASDUTO,IMPL AUTORIZADA   ,0.0,0,0,0,7400.89,390.46,45,7400890,390460,,
3,                                                        ,                  ,0.0,MINERADOR ,9604095,EXTRACAO DE AGUA SUBTERRA,6,MINER  ,IMPL AUTORIZADA   ,120.0,11,0,0,7472.42,468.21,45,7472420,468210,,
2,"TANGUA,RIB/ITANGUA,R                                    ",010201819         ,2.0,LOTEADOR  ,9816531,TRAVESSIA AEREA          ,1,PASDUTO,PORTARIA          ,0.0,0,0,0,7405.09,242.4,45,7405090,242400,,
2,"SNA2 CABECA,R DA                                        ",0102001080101A1   ,0.13,US.URBANO ,9804370,BARRAMENTO               ,1,ELEVNIV,PORTARIA          ,0.0,0,0,0,7526.12,223.02,45,7526120,223020,,
8,FORMACAO SERRA GERAL                                    ,0180011           ,0.0,LOTEADOR  ,9205763,CAPTACAO SUBTERRANEA     ,1,SANITAR,PORTARIA          ,5.0,2,30,0,7771.25,677.04,51,7771250,677040,,
3,                                                        ,                  ,0.0,PUBLICO   ,9600603,DESASSOREAMENTO          ,15,DS/LIMP,REQ INDEFERIDO    ,0.0,0,0,0,7427.24,401.98,45,7427240,401980,,
4,"SNA1 PEDRAS,RIB DAS/ITAOCA,COR                          ",0101007403507     ,0.45,INDUSTRIAL,9303993,LANCAMENTO SUPERFICIAL   ,5,INDUSTR,PORTARIA          ,51.0,2,26,0,7583.38,256.73,45,7583380,256730,,
2,CRISTALINO                                              ,                  ,0.0,PUBLICO   ,9800395,CAPTACAO SUBTERRANEA     ,5,SANITAR,LIC.PERF E IMPL.  ,3.0,6,0,0,7465.21,289.72,45,7465210,289720,,
4,"SNA1 PEIXE,R DO                                         ",01010072717       ,1.07,US.RURAL  ,9307127,CAPTACAO SUPERFICIAL     ,1,IRRIGAC,PORTARIA          ,21.78,7,10,6,7603.1,327.62,45,7603100,327620,,
2,GRUPO TUBARAO                                           ,2760196           ,0.0,SOLALT I  ,9813566,CAPTACAO SUBTERRANEA     ,1,SA1ABPR,PORTARIA          ,3.0,9,30,0,7482.05,264.1,45,7482050,264100,,
2,"JACUTINGA,COR DA                                        ",0102006010102     ,5.38,IRRIGANTE ,9810803,DESASSOREAMENTO          ,4,DS/LIMP,SERV AUTORIZADO   ,0.0,0,0,0,7436.41,781.35,51,7436410,781350,,
4,FORMACAO SERRA GERAL                                    ,                  ,0.0,US.RURAL  ,9304540,CAPTACAO SUBTERRANEA     ,1,IRRIGAC,LIC PERFURACAO    ,3.0,10,0,0,7728.25,231.45,45,7728250,231450,,
5,"BARREIRAO,COR                                           ",010800401         ,4.85,PUBLICO   ,9700644,LANCAMENTO SUPERFICIAL   ,2,EF.PUBL,PORTARIA          ,51.5,24,30,0,7656.88,490.85,51,7656880,490850,,
5,FORMACAO ADAMANTINA                                     ,                  ,0.0,PUBLICO   ,9706271,CAPTACAO SUBTERRANEA     ,3,AB.PUBL,REQ INDEFERIDO    ,0.0,0,0,0,7716.89,580.27,51,7716890,580270,,
2,GRUPO TUBARAO                                           ,2480880           ,0.0,PUBLICO   ,9800552,CAPTACAO SUBTERRANEA     ,10,       ,TAMPONADO         ,0.0,0,0,0,7485.04,256.82,45,7485040,256820,,
1,CRISTALINO                                              ,                  ,0.0,CONDOMINIO,9902686,CAPTACAO SUBTERRANEA     ,1,SANITAR,LIC PERFURACAO    ,3.0,20,0,0,7390.11,329.7,45,7390110,329700,,
2,"SNA1 LAJEADINHO,COR DO                                  ",0102018046001     ,0.25,US.RURAL  ,9820383,BARRAMENTO               ,2,ELEVNIV,PORTARIA          ,0.0,0,0,0,7364.47,258.95,45,7364470,258950,,
4,"SNA1 BIBIANO,COR                                        ",01010072102       ,0.1,PUBLICO   ,9300612,LANCAMENTO SUPERFICIAL   ,1,SANITAR,                  ,83.0,24,0,0,7625.1,255.15,45,7625100,255150,,
2,FORMACAO BOTUCATU - PIRAMBOIA                           ,                  ,0.0,IRRIGANTE ,9814705,CAPTACAO SUBTERRANEA     ,1,IRRIGAC,LIC.PERF E IMPL.  ,10.0,5,0,0,7465.77,748.92,51,7465770,748920,,
7,"SAO LOURENCINHO,R                                       ",030500601         ,26.4,MINERADOR ,9500231,LANCAMENTO SUPERFICIAL   ,1,MINER  ,PORTARIA          ,8.9,4,20,0,7327.3,271.3,45,7327300,271300,,
2,CRISTALINO                                              ,3010230           ,0.0,INDUSTRIAL,9806208,CAPTACAO SUBTERRANEA     ,1,SANITAR,PORTARIA          ,2.6,2,22,0,7447.84,294.51,45,7447840,294510,,
8,FREATICO                                                ,                  ,0.0,US.URBANO ,9206596,CAPTACAO SUBTERRANEA     ,1,SAN/IND,REQ INDEFERIDO    ,0.0,0,0,0,7765.26,507.59,51,7765260,507590,,
1,"TRES IRMAOS,COR                                         ",0102197           ,1.62,INDUSTRIAL,9900574,LANCAMENTO SUPERFICIAL   ,3,INDUSTR,PORTARIA          ,4.0,9,0,0,7399.91,313.96,45,7399910,313960,,
1,FREATICO                                                ,3420923           ,0.0,US.URBANO ,9907677,CAPTACAO SUBTERRANEA     ,1,SANITAR,CADASTRADO DAEE   ,1.5,1,30,0,7381.61,308.49,45,7381610,308490,,
1,TERCIARIO FORMACAO SAO PAULO                            ,3431603           ,0.0,SOLALT I  ,9903940,CAPTACAO SUBTERRANEA     ,1,SANITAR,REQ INDEFERIDO    ,2.0,1,30,0,7383.32,327.79,45,7383320,327790,,
2,CRISTALINO                                              ,3180004           ,0.0,INDUSTRIAL,9823354,CAPTACAO SUBTERRANEA     ,1,SA1/IND,PORTARIA          ,60.0,20,30,0,7412.75,204.62,45,7412750,204620,,
2,"PINHAL OU ALAGADO,RIB DO                                ",0102001130902     ,2.0,US.RURAL  ,9803686,CAPTACAO SUPERFICIAL     ,3,LAZ/PAI,PORTARIA          ,300.0,24,30,0,7447.86,312.74,45,7447860,312740,,
6,FORMACAO ADAMANTINA                                     ,1770140           ,0.0,INDUSTRIAL,9401168,CAPTACAO SUBTERRANEA     ,3,       ,TAMPONADO         ,0.0,0,0,0,7548.23,450.05,51,7548230,450050,,
6,GRUPO BAURU                                             ,2030030           ,0.0,SOLALT I  ,9401467,CAPTACAO SUBTERRANEA     ,4,SA1/IND,PORTARIA          ,14.14,8,30,0,7536.3,450.48,51,7536300,450480,,
4,CRISTALINO                                              ,                  ,0.0,INDUSTRIAL,9306665,CAPTACAO SUBTERRANEA     ,1,AGUAMIN,LIC.PERF E IMPL.  ,8.0,20,0,0,7510.34,331.87,45,7510340,331870,,
2,"SARAPUI,R                                               ",010201804         ,1.1,IRRIGANTE ,9804356,CAPTACAO SUPERFICIAL     ,1,HIDROAG,PORTARIA          ,106.0,14,24,0,7416.34,219.57,45,7416340,219570,,
1,"SNA1 CAPUTERA,COR                                       ",010202713         ,0.7,CONCESSION,9900071,CANALIZACAO              ,2,DRENAGE,IMPL AUTORIZADA   ,0.0,0,0,0,7404.6,362.42,45,7404600,362420,,
8,FORMACAO ADAMANTINA                                     ,0310069           ,0.0,INDUSTRIAL,9204838,CAPTACAO SUBTERRANEA     ,1,SAN/IND,PORTARIA          ,6.6,4,30,0,7755.55,547.73,51,7755550,547730,,
4,"SNA1 SANTA FE,COR DA                                    ",01010123201       ,0.68,US.RURAL  ,9301585,LANCAMENTO SUPERFICIAL   ,1,HIDROAG,PORTARIA          ,4.5,24,30,0,7700.25,239.45,45,7700250,239450,,
4,"SNA1 SANTA MARIA,COR                                    ",01010073202031    ,0.3,US.RURAL  ,9302004,CAPTACAO SUPERFICIAL     ,1,SANITAR,CADASTRADO DAEE   ,6.0,1,0,0,7654.2,267.55,45,7654200,267550,,
1,CRISTALINO                                              ,3410156           ,0.0,PUBLICO   ,9905826,CAPTACAO SUBTERRANEA     ,3,       ,TAMPONADO         ,0.0,0,0,0,7380.7,295.52,45,7380700,295520,,
8,ADAMANTINA/SERRA GERAL                                  ,0970230           ,0.0,IRRIGANTE ,9206833,CAPTACAO SUBTERRANEA     ,1,IRRIGAC,PORTARIA          ,13.0,13,30,0,7650.84,752.46,51,7650840,752460,,
2,FREATICO                                                ,                  ,0.0,US.RURAL  ,9816443,CAPTACAO SUBTERRANEA     ,2,SANITAR,REQ INDEFERIDO    ,0.0,0,0,0,7434.35,289.45,45,7434350,289450,,
2,CRISTALINO                                              ,3031082           ,0.0,LOTEADOR  ,9812183,CAPTACAO SUBTERRANEA     ,2,SANITAR,PORTARIA          ,1.3,17,30,0,7450.14,335.61,45,7450140,335610,,
2,"SNA2 CAMPO NOVO,RIB DO                                  ",01020011229031    ,0.3,US.RURAL  ,9808884,BARRAMENTO               ,4,ELEVNIV,PORTARIA          ,0.0,0,0,0,7460.78,337.86,45,7460780,337860,,
4,FORMACAO SERRA GERAL                                    ,0970137           ,0.0,SOLALT I  ,9202906,CAPTACAO SUBTERRANEA     ,7,IRRIGAC,PORTARIA          ,198.0,20,30,0,7669.22,758.5,51,7669220,758500,,
2,"SNA1 JAGUARI,R                                          ",01020011257       ,2.16,AQUICULTOR,9801193,LANCAMENTO SUPERFICIAL   ,3,HIDROAG,PORTARIA          ,5.0,24,0,0,7489.37,274.77,45,7489370,274770,,
1,CRISTALINO                                              ,3430178           ,0.0,INDUSTRIAL,9902965,CAPTACAO SUBTERRANEA     ,1,       ,PORTARIA REVOGADA ,0.0,0,0,0,7382.1,324.7,45,7382100,324700,,
2,CRISTALINO                                              ,                  ,0.0,US.RURAL  ,9820660,CAPTACAO SUBTERRANEA     ,1,SANITAR,REQ INDEFERIDO    ,0.0,0,0,0,7458.96,339.24,45,7458960,339240,,
7,"AGUA DO MACIEL,COR                                      ",01030290204       ,0.15,PUBLICO   ,9500076,TRAVESSIA                ,1,PASSAGE,PORTARIA          ,0.0,0,0,0,7354.7,243.77,45,7354700,243770,,
2,"SNA1 JUNDIAI,R(MAE ROSA,COR)                            ",010201220         ,4.51,PUBLICO   ,9800210,TRAVESSIA INTERMEDIARIA  ,2,PASSAGE,PORTARIA          ,0.0,0,0,0,7428.61,319.35,45,7428610,319350,,
2,ITARARE                                                 ,3190042           ,0.0,INDUSTRIAL,9801722,CAPTACAO SUBTERRANEA     ,1,SAN/IND,REQ INDEFERIDO    ,12.0,20,30,0,7424.41,226.74,45,7424410,226740,,
7,"SNA1 FUNDO,RIB                                          ",030500312         ,0.6,AQUICULTOR,9500957,BARRAMENTO               ,6,ELEVNIV,PORTARIA          ,0.0,0,0,0,7317.17,223.67,45,7317170,223670,,
5,FORMACAO SERRA GERAL                                    ,2140151           ,0.0,US.URBANO ,9708781,CAPTACAO SUBTERRANEA     ,1,SANITAR,CADASTRADO DAEE   ,4.0,1,30,0,7533.11,749.76,51,7533110,749760,,
6,"CHAPADA GRANDE,COR DA                                   ",010302925         ,4.0,CONCESSION,9405866,TRAVESSIA INTERMEDIARIA  ,3,PASSAGE,PORTARIA          ,0.0,0,0,0,7387.34,197.87,45,7387340,197870,,
3,"SNA2 PARAIBA DO SUL,R                                   ",022D003           ,0.6,US.RURAL  ,9601063,BARRAMENTO               ,4,LAZ/PAI,PORTARIA          ,0.0,0,0,0,7461.78,436.68,45,7461780,436680,,
5,FORMACAO SERRA GERAL                                    ,1170080           ,0.0,INDUSTRIAL,9704332,CAPTACAO SUBTERRANEA     ,1,SA1/IND,PORTARIA          ,18.3,3,22,0,7629.73,758.29,51,7629730,758290,,
2,"SNA1 SOROCABA,R                                         ",010201884         ,0.15,SOLALT I  ,9805173,BARRAMENTO               ,1,ELEVNIV,PORTARIA          ,0.0,0,0,0,7420.48,217.6,45,7420480,217600,,
1,CRISTALINO                                              ,                  ,0.0,SOLALT I  ,9904442,CAPTACAO SUBTERRANEA     ,1,SANITAR,IMPL AUTORIZADA   ,4.0,1,0,0,7387.95,347.59,45,7387950,347590,,
3,FREATICO                                                ,                  ,0.0,INDUSTRIAL,9607388,CAPTACAO SUBTERRANEA     ,1,SANITAR,REQ INDEFERIDO    ,0.1,1,30,0,7412.93,408.96,45,7412930,408960,,
2,FREATICO                                                ,2790506           ,0.0,US.RURAL  ,9818129,CAPTACAO SUBTERRANEA     ,1,SANITAR,CADASTRADO DAEE   ,1.5,1,30,0,7461.22,333.85,45,7461220,333850,,
8,FORMACAO ADAMANTINA                                     ,0500009           ,0.0,INDUSTRIAL,9203552,CAPTACAO SUBTERRANEA     ,1,SAN/IND,PORTARIA          ,3.0,4,30,0,7716.96,535.4,51,7716960,535400,,
6,FREATICO                                                ,1830067           ,0.0,US.RURAL  ,9403511,CAPTACAO SUBTERRANEA     ,1,SANITAR,CADASTRADO DAEE   ,1.5,1,30,0,7541.32,626.92,51,7541320,626920,,
2,CRISTALINO                                              ,3010262           ,0.0,INDUSTRIAL,9805899,CAPTACAO SUBTERRANEA     ,1,       ,TAMPONADO         ,0.0,0,0,0,7440.17,271.49,45,7440170,271490,,
6,"AZUL,COR OU PACA,COR DA                                 ",010300603         ,9.0,MINERADOR ,9400495,CAPTACAO SUPERFICIAL     ,2,MINER  ,IMPL AUTORIZADA   ,90.0,10,0,0,7531.02,470.87,51,7531020,470870,,
4,"SAO JOAO,COR                                            ",01010074022048    ,6.35,IRRIGANTE ,9308122,DESASSOREAMENTO          ,1,DS/LIMP,SERV AUTORIZADO   ,0.0,0,0,0,7542.11,288.62,45,7542110,288620,,
3,"PIAGUI,R                                                ",0207              ,15.8,PUBLICO   ,9601727,CAPTACAO SUPERFICIAL     ,2,OUTROS ,PORTARIA          ,3325.91,24,0,0,7487.23,473.59,45,7487230,473590,,
3,"SNA1 CLARO,R                                            ",0215001090301     ,0.25,AQUICULTOR,9600395,CAPTACAO SUPERFICIAL     ,1,HIDROAG,PORTARIA          ,4.5,24,0,0,7444.99,398.0,45,7444990,398000,,
6,FORMACAO BAURU                                          ,2270004           ,0.0,SOLALT I  ,9401582,CAPTACAO SUBTERRANEA     ,1,SANITAR,PORTARIA          ,8.0,15,30,0,7500.53,322.77,51,7500530,322770,,
4,"BOM JESUS,RIB                                           ",0101014           ,20.75,IRRIGANTE ,9309090,CAPTACAO SUPERFICIAL     ,1,IRRIGAC,PORTARIA          ,28.0,21,30,0,7761.44,248.89,45,7761440,248890,,
2,CRISTALINO                                              ,3010107           ,0.0,US.URBANO ,9802241,CAPTACAO SUBTERRANEA     ,1,DOMEST.,CADASTRADO DAEE   ,3.0,24,30,0,7442.02,275.24,45,7442020,275240,,
2,CRISTALINO                                              ,                  ,0.0,US.URBANO ,9810695,CAPTACAO SUBTERRANEA     ,1,SANITAR,REQ INDEFERIDO    ,0.0,0,0,0,7473.97,286.53,45,7473970,286530,,
6,"CHAPEU,COR DO                                           ",010303205         ,1.9,INDUSTRIAL,9401528,TRAVESSIA INTERMEDIARIA  ,1,PASSAGE,PORTARIA          ,0.0,0,0,0,7324.67,770.65,51,7324670,770650,,
1,"SNA2 CABUCU OU BANANAL,COR DO                           ",0102021010402     ,0.25,CONCESSION,9900071,TRAVESSIA INTERMEDIARIA  ,8,PASSAGE,IMPL AUTORIZADA   ,0.0,0,0,0,7407.29,325.76,45,7407290,325760,,
2,CRISTALINO                                              ,3020775           ,0.0,US.URBANO ,9816185,CAPTACAO SUBTERRANEA     ,1,SANITAR,CADASTRADO DAEE   ,4.56,1,30,0,7444.36,299.74,45,7444360,299740,,
4,FREATICO                                                ,                  ,0.0,IRRIGANTE ,9300970,CAPTACAO SUBTERRANEA     ,2,SANITAR,REQ INDEFERIDO    ,0.0,0,0,0,7760.2,784.76,51,7760200,784760,,
3,"SNA1 PARAIBA DO SUL,R                                   ",027T              ,0.15,CONCESSION,9607829,TRAVESSIA AEREA          ,24,PASSAGE,CADASTRADO DAEE   ,0.0,0,0,0,7508.15,525.64,45,7508150,525640,,
1,PRECAMBRIANO TERCIARIO SAO PAULO                        ,                  ,0.0,CONSTRUTOR,9903355,CAPTACAO SUBTERRANEA     ,6,PB.RAMB,IMPL AUTORIZADA   ,0.0,0,0,0,7390.9,338.62,45,7390900,338620,,
2,CRISTALINO                                              ,                  ,0.0,US.URBANO ,9820775,CAPTACAO SUBTERRANEA     ,1,SAN/RJD,LIC PERFURACAO    ,3.0,1,0,0,7457.69,327.09,45,7457690,327090,,
2,GRUPO TUBARAO                                           ,3011559           ,0.0,US.URBANO ,9803487,CAPTACAO SUBTERRANEA     ,1,DOMEST.,CADASTRADO DAEE   ,2.0,1,30,0,7439.49,275.89,45,7439490,275890,,
4,"SNA1 TAMBURI,COR DO                                     ",0101007160701     ,0.9,IRRIGANTE ,9300487,CAPTACAO EM NASCENTE     ,1,SANITAR,CADASTRADO DAEE   ,2.5,0,0,0,7644.21,206.11,45,7644210,206110,,
3,"PAQUERA,COR DA(AGUA BRANCA,RIB)                         ",21                ,0.8,PUBLICO   ,9600843,TRAVESSIA AEREA          ,9,       ,CADASTRADO DAEE   ,0.0,0,0,0,7365.49,462.78,45,7365490,462780,,
2,CRISTALINO                                              ,2790170           ,0.0,SOLALT I  ,9807188,CAPTACAO SUBTERRANEA     ,1,SANITAR,CADASTRADO DAEE   ,0.9,1,30,0,7456.31,326.76,45,7456310,326760,,
2,CRISTALINO                                              ,                  ,0.0,LOTEADOR  ,9805632,CAPTACAO SUBTERRANEA     ,1,SANITAR,IMPL AUTORIZADA   ,2.0,20,0,0,7452.1,362.95,45,7452100,362950,,
1,"SNA2 PIRES,RIB                                          ",01020430608081    ,0.5,CONCESSION,9900071,TRAVESSIA INTERMEDIARIA  ,5,PASSAGE,IMPL AUTORIZADA   ,0.0,0,0,0,7379.62,356.74,45,7379620,356740,,
2,"SNA1 ANHUMAS,RIB DAS/(FAZENDA SANTA TEREZINHA,COR)      ",0102001130504     ,3.8,IRRIGANTE ,9800154,BARRAMENTO               ,1,HIDROAG,PORTARIA          ,0.0,0,0,0,7473.93,293.43,51,7473930,293430,,
2,"SNA1 BERNARDINHO,COR                                    ",01020150203       ,1.1,IRRIG/AQUI,9817827,BARRAMENTO               ,4,ELEVNIV,PORTARIA          ,0.0,0,0,0,7415.8,259.21,45,7415800,259209,,
4,FORMACAO BOTUCATU - PIRAMBOIA                           ,1000621           ,0.0,US.URBANO ,9308545,CAPTACAO SUBTERRANEA     ,1,SANITAR,CADASTRADO DAEE   ,3.5,1,30,0,7656.23,210.7,45,7656230,210700,,
1,"TAIOCA,COR                                              ",01020420313       ,1.32,PUBLICO   ,9903000,TRAVESSIA INTERMEDIARIA  ,3,PASSAGE,PORTARIA          ,0.0,0,0,0,7379.43,343.08,45,7379430,343080,,
6,"SNA2 TAQUARI-MIRIM,R                                    ",0103036112901     ,0.1,MINERADOR ,9409393,CAPTACAO SUPERFICIAL     ,1,INDUSTR,CADASTRADO DAEE   ,4.9,1,30,0,7335.97,716.15,51,7335970,716150,,
1,CRISTALINO                                              ,3240192           ,0.0,INDUSTRIAL,9904001,CAPTACAO SUBTERRANEA     ,1,SAN/IND,PORTARIA          ,1.0,20,30,0,7408.41,357.66,45,7408410,357660,,
1,CRISTALINO                                              ,                  ,0.0,COMERCIANT,9902469,CAPTACAO SUBTERRANEA     ,2,AGUAMIN,LIC PERFURACAO    ,5.0,20,0,0,7413.37,296.23,45,7413370,296230,,
2,                                                        ,                  ,0.0,US.RURAL  ,1354000,CAPTACAO SUBTERRANEA     ,4,SANITAR,REQ INDEFERIDO    ,0.0,0,0,0,7541.58,230.64,45,7541580,230640,,
4,"ALEIXO,COR DO                                           ",01010070401       ,5.4,PUBLICO   ,9300721,DESASSOREAMENTO          ,5,DS/LIMP,SERV AUTORIZADO   ,0.0,0,0,0,7724.09,752.36,51,7724090,752360,,
8,FORMACAO ADAMANTINA                                     ,0950083           ,0.0,INDUSTRIAL,9203606,CAPTACAO SUBTERRANEA     ,1,SAN/IND,PORTARIA          ,8.0,2,30,0,7660.9,707.0,51,7660900,707000,,
2,FREATICO                                                ,2500251           ,0.0,US.RURAL  ,9821461,CAPTACAO SUBTERRANEA     ,1,SANITAR,CADASTRADO DAEE   ,4.9,1,30,0,7497.97,305.78,45,7497970,305780,,
2,CRISTALINO                                              ,                  ,0.0,LOTEADOR  ,9805540,CAPTACAO SUBTERRANEA     ,2,SANITAR,IMPL AUTORIZADA   ,6.0,20,0,0,7421.27,282.39,45,7421270,282390,,
2,CRISTALINO                                              ,                  ,0.0,US.RURAL  ,9714714,CAPTACAO SUBTERRANEA     ,1,SANITAR,REQ INDEFERIDO    ,0.0,0,0,0,7443.09,278.15,45,7443090,278150,,
2,"APARECIDINHA,COR                                        ",01020180103       ,2.0,INDUSTRIAL,9821662,LANCAMENTO SUPERFICIAL   ,1,INDUSTR,PORTARIA          ,1.59,24,30,0,7406.97,257.35,45,7406970,257350,,
2,GRUPO TUBARAO                                           ,2760481           ,0.0,PUBLICO   ,9800070,CAPTACAO SUBTERRANEA     ,23,       ,TAMPONADO         ,0.0,0,0,0,7462.53,268.42,45,7462530,268420,,
1,"TIETE,R                                                 ",0102              ,886.0,PUBLICO   ,9900232,TRAVESSIA AEREA          ,2,PASDUTO,CADASTRADO DAEE   ,0.0,0,0,0,7406.56,305.01,45,7406560,305010,,
1,CRISTALINO                                              ,3432866           ,0.0,INDUSTRIAL,9905083,CAPTACAO SUBTERRANEA     ,1,INDUSTR,PORTARIA          ,1.6,20,26,0,7398.65,329.98,45,7398650,329980,,
8,ADAMANTINA/SANTO ANASTACIO                              ,0740752           ,0.0,PUBLICO   ,9202171,CAPTACAO SUBTERRANEA     ,60,AB.PUBL,PORTARIA          ,23.1,8,30,0,7697.15,670.87,51,7697150,670870,,
1,"PARAIBA DO SUL,R                                        ",02                ,0.15,CONCESSION,9602896,TRAVESSIA AEREA          ,4,       ,CADASTRADO DAEE   ,0.0,0,0,0,7504.28,504.85,45,7504280,504850,,
2,"SNA1 AGUA DA SERRA,RIB DA                               ",01020011001016    ,4.85,LOTEADOR  ,9816364,TRAVESSIA AEREA          ,1,PASDUTO,PORTARIA          ,0.0,0,0,0,7502.34,246.97,45,7502340,246970,,
4,"SNA1 CURICACA,COR DA                                    ",01010170601       ,0.2,INDUSTRIAL,9306276,TRAVESSIA SUBTERRANEA    ,2,PASDUTO,PORTARIA          ,0.0,0,0,0,7766.7,202.27,45,7766700,202270,,
5,FORMACAO ADAMANTINA                                     ,                  ,0.0,US.RURAL  ,9708115,CAPTACAO SUBTERRANEA     ,1,SANITAR,LIC PERFURACAO    ,4.0,0,0,0,7698.93,442.56,51,7698930,442560,,
6,ITARARE                                                 ,3370052           ,0.0,INDUSTRIAL,9406537,CAPTACAO SUBTERRANEA     ,3,INDUSTR,PORTARIA          ,10.0,8,30,0,7385.34,800.62,51,7385340,800620,,
2,"CEVEIRO,COR DO                                          ",010200125         ,1.4,PUBLICO   ,9818707,BARRAMENTO               ,1,SANITAR,                  ,0.0,0,0,0,7491.0,215.31,45,7491000,215310,,
2,"SNA3 JAGUARI,R                                          ",01020011270021    ,0.03,INDUSTRIAL,9809230,TRAVESSIA SUBTERRANEA    ,7,PASSAGE,IMPL AUTORIZADA   ,0.0,0,0,0,7473.33,305.31,45,7473330,305310,,
3,CRISTALINO                                              ,3240132           ,0.0,US.URBANO ,9601571,CAPTACAO SUBTERRANEA     ,1,SANITAR,CADASTRADO DAEE   ,2.0,1,30,0,7421.65,367.44,45,7421650,367440,,
2,"SNA1 BARROCA FUNDA,COR                                  ",0102001110203     ,1.1,PUBLICO   ,9800219,TRAVESSIA                ,11,PASSAGE,PORTARIA          ,0.0,0,0,0,7499.87,251.45,45,7499870,251450,,
1,"SNA1 BIRITIBA-MIRIM,R                                   ",010203205         ,0.8,PUBLICO   ,9900444,LANCAMENTO SUPERFICIAL   ,1,EF.PUBL,PORTARIA          ,24480.0,24,30,0,7388.75,388.2,45,7388750,388200,,
6,"TRES LAGOAS,RIB                                         ",0109051           ,0.4,CONCESSION,9410881,TRAVESSIA AEREA          ,43,PASSAGE,CADASTRADO DAEE   ,0.0,0,0,0,7532.17,594.91,51,7532170,594910,,
4,FREATICO                                                ,1930139           ,0.0,US.RURAL  ,9311242,CAPTACAO SUBTERRANEA     ,1,SAN/IND,CADASTRADO DAEE   ,13.5,1,30,0,7556.78,251.2,45,7556780,251200,,
2,FREATICO                                                ,2780800           ,0.0,US.RURAL  ,9804579,CAPTACAO SUBTERRANEA     ,3,DOMEST.,CADASTRADO DAEE   ,6.5,1,30,0,7467.42,306.9,45,7467420,306900,,
6,"SNA2 PONTE ALTA,RIB                                     ",0103029010601     ,0.45,IRRIGANTE ,9402133,CAPTACAO SUPERFICIAL     ,1,IRRIGAC,PORTARIA          ,30.0,2,26,0,7392.2,804.8,51,7392200,804800,,
1,"SNA1 LAVRAS,RIB DAS                                     ",01020430618027    ,0.74,PUBLICO   ,9903256,TRAVESSIA AEREA          ,8,PASDUTO,PORTARIA          ,0.0,0,0,0,7370.36,337.66,45,7370360,337660,,
7,"GUARUVINHA,COR                                          ",032100404         ,0.0,AQUICULTOR,9501979,BARRAMENTO               ,2,ELEVNIV,CADASTRADO DAEE   ,0.0,0,0,0,7298.55,228.31,45,7298550,228310,,
5,FORMACAO BOTUCATU - PIRAMBOIA                           ,2140011           ,0.0,PUBLICO   ,9703276,CAPTACAO SUBTERRANEA     ,5,SANITAR,LICENCA OPERACAO  ,190.0,20,0,0,7531.7,751.5,51,7531700,751500,,
2,CRISTALINO                                              ,3020557           ,0.0,INDUSTRIAL,9810516,CAPTACAO SUBTERRANEA     ,1,AGUAMIN,CADASTRADO DAEE   ,12.5,8,22,0,7442.75,300.89,45,7442750,300890,,
2,FREATICO                                                ,3180123           ,0.0,INDUSTRIAL,9813134,CAPTACAO SUBTERRANEA     ,1,INDUSTR,PORTARIA          ,1.25,20,30,0,7417.81,206.56,45,7417810,206560,,
4,FORMACAO ADAMANTINA                                     ,0580065           ,0.0,INDUSTRIAL,9302606,CAPTACAO SUBTERRANEA     ,2,SAN/IND,PORTARIA          ,4.6,20,30,0,7713.1,756.92,51,7713100,756920,,
5,FORMACAO ADAMANTINA                                     ,2120231           ,0.0,SOLALT I  ,9702616,CAPTACAO SUBTERRANEA     ,2,       ,TAMPONADO         ,0.0,0,0,0,7526.99,701.52,51,7526990,701520,,
3,"JACUIZINHO,COR                                          ",0252              ,7.3,PUBLICO   ,9601726,LANCAMENTO SUPERFICIAL   ,4,SANITAR,PORTARIA          ,22.38,24,0,0,7507.44,511.37,45,7507440,511370,,
2,"SNA2 SALTO,RIB DO                                       ",01020180301091    ,0.48,IRRIGANTE ,9812832,BARRAMENTO               ,6,ELEVNIV,PORTARIA          ,0.0,0,0,0,7370.49,271.72,45,7370490,271720,,
3,"VELOSO,RIB DO                                           ",021R              ,3.05,LOTEADOR  ,9601779,CANALIZACAO              ,1,PASSAGE,REQ INDEFERIDO    ,0.0,0,0,0,7470.34,473.01,45,7470340,473010,,
2,GRUPO TUBARAO                                           ,2480400           ,0.0,US.URBANO ,9812864,CAPTACAO SUBTERRANEA     ,1,SANITAR,CADASTRADO DAEE   ,2.0,1,30,0,7502.9,249.7,45,7502900,249700,,
6,"FERREIRA,COR DO                                         ",0109029070101     ,3.5,CONSTRUTOR,9409743,CAPTACAO SUPERFICIAL     ,5,UMECS  ,PORTARIA REVOGADA ,15.0,8,22,0,7555.63,484.45,51,7555630,484450,,
2,"SNA2 JAGUARI,R/""FREITAL,COR""                            ",0102001122301     ,0.26,US.RURAL  ,9803205,BARRAMENTO               ,1,HIDROAG,PORTARIA          ,0.0,0,0,0,7470.55,319.58,45,7470550,319580,,
4,"SNA1 RIBEIRAOZINHO,RIB/(LAVRAS DE BAIXO,RIB DAS )       ",010100740191212   ,0.1,AQUICULTOR,45116,LANCAMENTO SUPERFICIAL   ,1,HIDROAG,PORTARIA          ,28.8,24,0,0,7506.83,345.8,45,7506830,345800,,
5,"SNA1 AGUA LIMPA,COR DA                                  ",0102086011601     ,2.1,IRRIGANTE ,9702681,CAPTACAO SUPERFICIAL     ,1,IRRIGAC,REQ INDEFERIDO    ,125.0,21,20,0,7622.55,749.35,51,7622550,749350,,
2,FREATICO                                                ,2800209           ,0.0,US.RURAL  ,9816030,CAPTACAO SUBTERRANEA     ,1,SANITAR,CADASTRADO DAEE   ,0.5,1,30,0,7460.12,354.83,45,7460120,354830,,
1,FREATICO                                                ,3230558           ,0.0,CONCESSION,9910794,CAPTACAO SUBTERRANEA     ,1,IRRIGAC,CADASTRADO DAEE   ,0.0,0,0,0,7417.87,339.18,45,7417870,339180,,
5,FORMACAO BOTUCATU - PIRAMBOIA                           ,                  ,0.0,PUBLICO   ,9700332,CAPTACAO SUBTERRANEA     ,41,AB.PUBL,LIC.PERF E IMPL.  ,250.0,20,0,0,7586.57,793.81,51,7586570,793810,,
4,                                                        ,                  ,0.0,PUBLICO   ,9301925,TRAVESSIA INTERMEDIARIA  ,2,PASSAGE,REQ INDEFERIDO    ,0.0,0,0,0,7565.87,316.13,45,7565870,316130,,
4,                                                        ,                  ,0.0,MINERADOR ,9305863,EXTRACAO DE AGUA SUBTERRA,1,MINER  ,IMPL AUTORIZADA   ,39.7,8,30,0,7516.9,313.33,45,7516900,313330,,
2,"SNA1 CAPIVARI-MIRIM,R                                   ",01020100609       ,4.1,PUBLICO   ,9803306,DESASSOREAMENTO          ,2,DS/LIMP,SERV AUTORIZADO   ,0.0,0,0,0,7447.01,275.05,45,7447010,275050,,
5,"JACUTINGA,COR                                           ",0102287           ,1.0,IRRIGANTE ,9701822,CAPTACAO SUPERFICIAL     ,2,IRRIGAC,PORTARIA          ,112.45,24,30,0,7597.75,693.64,51,7597750,693640,,
4,FORMACAO SERRA GERAL - BOTUCATU                         ,0400014           ,0.0,US.RURAL  ,9303778,CAPTACAO SUBTERRANEA     ,2,INDUSTR,PORTARIA          ,10.0,3,0,0,7751.48,782.39,51,7751480,782390,,
5,"JACINTINHA,COR                                          ",01020950101       ,1.7,LOTEADOR  ,9707441,TRAVESSIA AEREA          ,1,PASDUTO,PORTARIA          ,0.0,0,0,0,7604.06,627.93,51,7604060,627930,,
2,                                                        ,0102001120101062  ,0.0,LOTEADOR  ,9821152,TRAVESSIA AEREA          ,1,PASSAGE,IMPL AUTORIZADA   ,0.0,0,0,0,7509.99,277.35,45,7509990,277350,,
8,FORMACAO ADAMANTINA                                     ,0330114           ,0.0,US.URBANO ,9206414,CAPTACAO SUBTERRANEA     ,1,SANITAR,CADASTRADO DAEE   ,4.2,1,30,0,7750.43,590.78,51,7750430,590780,,
3,"VENANCIO,COR DO                                         ",022101402         ,3.8,PUBLICO   ,9606437,TRAVESSIA AEREA          ,3,PASSAGE,IMPL AUTORIZADA   ,0.0,0,0,0,7427.94,447.66,45,7427940,447660,,
8,FORMACAO ADAMANTINA                                     ,                  ,0.0,US.RURAL  ,9203845,CAPTACAO SUBTERRANEA     ,1,SANITAR,LIC PERFURACAO    ,6.0,1,0,0,7695.37,651.53,51,7695370,651530,,
1,"SNA2 ITAQUITI,COR                                       ",01020480303067    ,0.6,US.RURAL  ,9904231,CAPTACAO SUPERFICIAL     ,4,MINER  ,PORTARIA          ,6.07,24,30,0,7399.91,304.01,45,7399910,304010,,
2,                                                        ,                  ,0.0,PECUARISTA,9805991,DESASSOREAMENTO          ,14,DS/LIMP,REQ INDEFERIDO    ,0.0,0,0,0,7482.58,210.2,45,7482580,210200,,
2,                                                        ,0102001OD         ,3.7,IRRIGANTE ,9817714,CAPTACAO SUPERFICIAL     ,1,IRRIGAC,PORTARIA          ,8.8,23,20,6,7488.71,203.56,45,7488710,203560,,
2,"SNA2 TANQUE OU DO FUNIL,COR DO                          ",0102018040102211  ,1.04,IRRIGANTE ,42613,BARRAMENTO               ,2,ELEVNIV,PORTARIA          ,0.0,0,0,0,7372.74,247.81,45,7372740,247810,,
8,"SNA1 OLHOS D'AGUA,COR DOS                               ",0101019160104     ,0.23,PUBLICO   ,9200154,TRAVESSIA AEREA          ,11,PASSAGE,PORTARIA          ,0.0,0,0,0,7708.95,716.48,51,7708950,716480,,
4,"SNA1 JAGUARI-MIRIM,R                                    ",0101007402455     ,0.72,LOTEADOR  ,9306488,TRAVESSIA INTERMEDIARIA  ,2,PASDUTO,PORTARIA          ,0.0,0,0,0,7565.01,316.2,45,7565010,316200,,
6,FORMACAO CAIUA                                          ,1970023           ,0.0,PUBLICO   ,9400686,CAPTACAO SUBTERRANEA     ,4,RURAL  ,PORTARIA          ,2.0,20,0,0,7512.14,315.02,51,7512140,315020,,
2,"SNA1 SOROCABUCU,R                                       ",01020180321       ,0.25,PUBLICO   ,9820169,TRAVESSIA AEREA          ,17,PASDUTO,CADASTRADO DAEE   ,0.0,0,0,0,7380.51,274.8,45,7380510,274800,,
5,FORMACAO ADAMANTINA                                     ,0920028           ,0.0,US.URBANO ,9705531,CAPTACAO SUBTERRANEA     ,1,SANITAR,CADASTRADO DAEE   ,1.0,1,30,0,7674.18,611.54,51,7674180,611540,,
4,FORMACAO SERRA GERAL                                    ,                  ,0.0,PUBLICO   ,9303841,CAPTACAO SUBTERRANEA     ,4,       ,REQ INDEFERIDO    ,0.0,0,0,0,7768.16,760.99,51,7768160,760990,,
1,FREATICO                                                ,3432272           ,0.0,SOLALT I  ,9902769,CAPTACAO SUBTERRANEA     ,41,PI.RAMB,CADASTRADO DAEE   ,0.0,0,0,0,7381.25,326.71,45,7381250,326710,,
2,CRISTALINO                                              ,3200404           ,0.0,INDUSTRIAL,9817808,CAPTACAO SUBTERRANEA     ,2,SAN/IND,PORTARIA          ,4.0,12,26,0,7404.04,254.48,45,7404040,254480,,
4,CRISTALINO                                              ,2190290           ,0.0,INDUSTRIAL,9307686,CAPTACAO SUBTERRANEA     ,1,SANITAR,PORTARIA          ,9.0,3,0,0,7519.86,253.85,45,7519860,253850,,
8,FORMACAO ADAMANTINA                                     ,                  ,0.0,US.URBANO ,9205070,CAPTACAO SUBTERRANEA     ,1,SANITAR,LIC PERFURACAO    ,5.0,1,0,0,7695.11,672.56,51,7695110,672560,,
6,"KM QUATRO,COR DO                                        ",010901507         ,0.5,IRRIGANTE ,9410983,CAPTACAO SUPERFICIAL     ,1,IRRIGAC,PORTARIA          ,30.0,20,0,0,7564.71,558.2,51,7564710,558200,,
2,GRUPO TUBARAO                                           ,2990214           ,0.0,INDUSTRIAL,9821970,CAPTACAO SUBTERRANEA     ,1,MINER  ,PORTARIA REVOGADA ,0.0,0,0,0,7428.67,235.61,45,7428670,235610,,
4,"SANTA CRUZ,COR                                          ",0101007401605     ,3.95,IRRIGANTE ,9300955,CAPTACAO SUPERFICIAL     ,1,HIDROAG,PORTARIA          ,5.0,24,30,0,7535.28,262.31,45,7535280,262310,,
6,FORMACAO SERRA GERAL                                    ,2630023           ,0.0,SOLALT I  ,9406067,CAPTACAO SUBTERRANEA     ,1,SANITAR,PORTARIA          ,16.36,4,19,0,7464.97,548.82,51,7464970,548820,,
2,"SNA2 PIRACICABA,R                                       ",01020015905       ,0.1,PUBLICO   ,9801037,TRAVESSIA INTERMEDIARIA  ,20,PASSAGE,IMPL AUTORIZADA   ,0.0,0,0,0,7486.17,258.32,45,7486170,258320,,
3,CRISTALINO                                              ,                  ,0.0,PUBLICO   ,9600439,CAPTACAO SUBTERRANEA     ,5,AB.PUBL,LIC PERFURACAO    ,5.0,20,0,0,7415.69,728.86,45,7415690,728860,,
7,"SNA1 CHACARA,RIB                                        ",03050060602       ,0.15,CONCESSION,9501625,TRAVESSIA INTERMEDIARIA  ,1,PASSAGE,PORTARIA          ,0.0,0,0,0,7311.43,249.83,45,7311430,249830,,
1,CRISTALINO                                              ,3433843           ,0.0,SOLALT I  ,9910453,CAPTACAO SUBTERRANEA     ,1,SA1ABPR,PORTARIA          ,1.8,10,0,0,7390.6,344.4,45,7390600,344400,,
6,FORMACAO ADAMANTINA                                     ,                  ,0.0,US.RURAL  ,9403985,CAPTACAO SUBTERRANEA     ,1,IRRIGAC,IMPL AUTORIZADA   ,5.0,1,0,0,7581.03,460.76,51,7581030,460760,,
1,"JUNDIAI,R/JUNDIAIZINHO,R/PEDRA VERMELHA,COR             ",0102012           ,117.0,CONCESSION,9822732,CANALIZACAO              ,1,PASSAGE,PORTARIA          ,0.0,0,0,0,7429.53,336.19,45,7429530,336190,,
5,FORMACAO ADAMANTINA                                     ,0900065           ,0.0,SOLALT I  ,9705138,CAPTACAO SUBTERRANEA     ,1,       ,TAMPONADO         ,0.0,0,0,0,7652.96,556.62,51,7652960,556620,,
4,"POSSE SECA,COR DA                                       ",01010070407       ,2.0,IRRIGANTE ,9303114,CAPTACAO SUPERFICIAL     ,1,IRRIGAC,PORTARIA          ,99.9,21,30,8,7721.9,760.65,51,7721900,760650,,
2,"MARACANA,RIB DO                                         ",0102001130806     ,2.33,IRRIGANTE ,9802984,CAPTACAO SUPERFICIAL     ,1,IRRIGAC,PORTARIA          ,90.0,3,15,0,7445.32,326.43,45,7445320,326430,,
1,CRISTALINO                                              ,3430316           ,0.0,SOLALT I  ,46936,CAPTACAO SUBTERRANEA     ,1,       ,TAMPONADO         ,0.0,0,0,0,7392.42,332.15,45,7392420,332150,,
1,"SNA2 TAMANDUATEI,R                                      ",01020422401       ,0.55,CONCESSION,9900123,TRAVESSIA SUBTERRANEA    ,6,PASDUTO,PORTARIA          ,0.0,0,0,0,7386.3,344.42,45,7386300,344420,,
4,"AGUDO,RIB DO/TRES BARRAS,RIB DAS/SAO JOSE,COR           ",010100712         ,51.7,PUBLICO   ,9300610,LANCAMENTO SUPERFICIAL   ,3,SANITAR,                  ,0.0,0,0,0,7705.17,197.8,45,7705170,197800,,
6,FORMACAO CAIUA                                          ,1980146           ,0.0,PUBLICO   ,9700691,CAPTACAO SUBTERRANEA     ,4,SANITAR,PORTARIA          ,3.9,12,20,0,7515.64,329.5,51,7515640,329500,,
1,"SNA1 PIRAJUCARA,RIB                                     ",01020430804       ,0.1,PUBLICO   ,9903142,TRAVESSIA SUBTERRANEA    ,29,PASSAGE,IMPL AUTORIZADA   ,0.0,0,0,0,7388.24,321.55,45,7388240,321550,,
8,"SNA1 PIEDADE,COR DA/(PIEDADINHA,COR)                    ",0101019020603     ,1.8,PUBLICO   ,9200009,PROTECAO DE LEITO / MARGE,6,PRLEITO,SERV AUTORIZADO   ,0.0,0,0,0,7700.34,665.23,51,7700340,665230,,
5,"MARINGA,COR                                             ",01020870204       ,1.82,IRRIGANTE ,9700665,LANCAMENTO SUPERFICIAL   ,3,IRRIGAC,PORTARIA          ,324.0,10,30,4,7591.28,763.3,51,7591280,763300,,
1,"SNA1 GRANDE OU JURUBATUBA,R                             ",01020430659       ,1.05,SOLALT I  ,9906500,CANALIZACAO              ,1,DRENAGE,PORTARIA          ,0.0,0,0,0,7370.95,362.18,45,7370950,362180,,
1,"SNA2 EMBU-GUACU,R                                       ",0102043073001     ,0.34,AQUICULTOR,9909115,BARRAMENTO               ,3,HIDROAG,PORTARIA          ,0.0,0,0,0,7351.56,320.85,45,7351560,320850,,
4,FORMACAO ADAMANTINA                                     ,0010620029        ,0.0,US.RURAL  ,9309261,CAPTACAO SUBTERRANEA     ,1,SANITAR,CADASTRADO DAEE   ,3.0,1,30,0,7713.67,217.89,45,7713670,217890,,
6,FORMACAO MARILIA/ADAMANTINA                             ,                  ,0.0,PUBLICO   ,9400353,CAPTACAO SUBTERRANEA     ,15,AB.PUBL,LIC PERFURACAO    ,0.0,0,0,0,7539.72,609.89,51,7539720,609890,,
6,FORMACAO SERRA GERAL                                    ,2640028           ,0.0,PUBLICO   ,9404712,CAPTACAO SUBTERRANEA     ,11,AB.PUBL,PORTARIA          ,33.26,20,0,0,7483.36,564.13,51,7483360,564130,,
2,"SNA1 CACHOEIRA,RIB DA                                   ",010201306         ,0.05,CONCESSION,9907142,TRAVESSIA SUBTERRANEA    ,45,PASDUTO,CADASTRADO DAEE   ,0.0,0,0,0,7421.95,306.59,45,7421950,306590,,
2,CRISTALINO                                              ,2500416           ,0.0,INDUSTRIAL,9806921,CAPTACAO SUBTERRANEA     ,1,COMERCI,CADASTRADO DAEE   ,0.33,1,30,0,7488.47,294.82,45,7488470,294820,,
3,"TABUAO,COR DO                                           ",0281              ,18.9,AQUICULTOR,9600300,CAPTACAO SUPERFICIAL     ,1,HIDROAG,PORTARIA          ,7.5,24,0,0,7472.45,490.5,45,7472450,490500,,
4,AQUIDAUANA                                              ,1230026           ,0.0,INDUSTRIAL,9309752,CAPTACAO SUBTERRANEA     ,1,SAN/IND,PORTARIA          ,7.0,20,30,0,7638.58,276.55,45,7638580,276550,,
4,FORMACAO SERRA GERAL                                    ,0790004           ,0.0,PUBLICO   ,9300594,CAPTACAO SUBTERRANEA     ,9,SANITAR,REQ INDEFERIDO    ,51.2,20,30,0,7702.41,806.39,51,7702410,806390,,
